Television,Sony,BRAVIA 9 85 inch,Flagship Mini LED Smart TV,8GB + 32GB,Cognitive XR,85 inch,AC Power,Black
Television,Sony,BRAVIA 8 OLED 77 inch,Premium OLED Smart TV,8GB + 32GB,Cognitive XR,77 inch,AC Power,Black
Television,Sony,BRAVIA 7 75 inch,Mini LED Google TV,8GB + 32GB,Cognitive XR,75 inch,AC Power,Black
Television,Sony,BRAVIA X90L 65 inch,4K HDR Smart TV,4GB + 32GB,Cognitive XR,65 inch,AC Power,Black
Television,Sony,BRAVIA X85L 55 inch,4K LED Smart TV,4GB + 16GB,X1 Processor,55 inch,AC Power,Black
Television,Sony,BRAVIA X80L 50 inch,Google Smart TV,4GB + 16GB,X1 Processor,50 inch,AC Power,Black
Television,Sony,BRAVIA A95L 65 inch,QD-OLED Smart TV,8GB + 32GB,Cognitive XR,65 inch,AC Power,Black
Television,Sony,BRAVIA XR OLED 55 inch,Premium OLED TV,8GB + 32GB,Cognitive XR,55 inch,AC Power,Black
Television,Sony,BRAVIA X75L 43 inch,Affordable Google TV,2GB + 16GB,X1 Processor,43 inch,AC Power,Black
Television,Sony,BRAVIA X82L 65 inch,4K Smart TV,4GB + 16GB,X1 Processor,65 inch,AC Power,Black
Television,Samsung,Neo QLED QN990F 98 inch,8K AI Smart TV,8GB + 64GB,NQ8 AI Gen3,98 inch,AC Power,Titan Black
Television,Samsung,Neo QLED QN90F 75 inch,Premium 4K Mini LED TV,8GB + 32GB,NQ4 AI Gen3,75 inch,AC Power,Black
Television,Samsung,OLED S95F 65 inch,Flagship OLED TV,8GB + 32GB,NQ4 AI Gen3,65 inch,AC Power,Graphite
Television,Samsung,OLED S90F 55 inch,Premium OLED TV,8GB + 32GB,NQ4 AI Gen3,55 inch,AC Power,Black
Television,Samsung,QLED Q80F 65 inch,Premium QLED TV,4GB + 16GB,Quantum Processor,65 inch,AC Power,Black
Television,Samsung,QLED Q70F 55 inch,Smart QLED TV,4GB + 16GB,Quantum Processor,55 inch,AC Power,Silver
Television,Samsung,Crystal UHD DU8500,Affordable Smart TV,2GB + 16GB,Crystal Processor,50 inch,AC Power,Black
Television,Samsung,Crystal UHD DU7700,Entry-level Smart TV,2GB + 8GB,Crystal Processor,43 inch,AC Power,Black
Television,Samsung,Frame TV 2026,Lifestyle Smart TV,4GB + 32GB,Quantum Processor,55 inch,AC Power,White
Television,Samsung,Neo QLED QN85F,Mini LED Smart TV,8GB + 32GB,NQ4 AI Gen3,65 inch,AC Power,Black
Washing Machine,LG,AI Direct Drive 8kg,Front Load Washing Machine,8KG,AI Direct Drive,Standard,220V,White
Washing Machine,LG,AI Direct Drive 10kg,Premium Front Load,10KG,AI Direct Drive,Standard,220V,Silver
Washing Machine,LG,TurboWash 9kg,Fast Wash Machine,9KG,Inverter Direct Drive,Standard,220V,Black
Washing Machine,LG,Top Load Smart 7kg,Smart Top Load Washer,7KG,Smart Inverter,Standard,220V,Gray
Washing Machine,LG,Top Load 8kg,Automatic Washer,8KG,Smart Inverter,Standard,220V,White
Washing Machine,LG,Front Load Steam 9kg,Steam Wash Machine,9KG,AI DD,Standard,220V,Silver
Washing Machine,LG,Front Load 12kg,Large Family Washer,12KG,AI DD,Standard,220V,Black
Washing Machine,LG,TwinWash 21kg,Dual Drum Washer,21KG,AI DD,Standard,220V,White
Washing Machine,LG,Semi Automatic 7kg,Budget Washer,7KG,Normal Motor,Standard,220V,Blue
Washing Machine,LG,Smart Wash 8kg,WiFi Washing Machine,8KG,AI DD,Standard,220V,White
Air Conditioner,Samsung,WindFree AI 1 Ton,Inverter Split AC,1 Ton,Digital Inverter,Standard,220V,White
Air Conditioner,Samsung,WindFree AI 1.5 Ton,Premium Split AC,1.5 Ton,Digital Inverter,Standard,220V,White
Air Conditioner,Samsung,WindFree AI 2 Ton,Large Room AC,2 Ton,Digital Inverter,Standard,220V,White
Air Conditioner,Samsung,Bespoke AI WindFree,Smart AI AC,1.5 Ton,AI Inverter,Standard,220V,White
Air Conditioner,Samsung,Convertible 5-in-1 AC,Convertible Split AC,1.5 Ton,Digital Inverter,Standard,220V,White
Air Conditioner,Samsung,Fast Cooling AC,High Speed Cooling,1 Ton,Digital Inverter,Standard,220V,White
Air Conditioner,Samsung,SmartThings AC,WiFi Smart AC,1.5 Ton,AI Inverter,Standard,220V,White
Air Conditioner,Samsung,Premium Split AC 2026,Energy Saving AC,2 Ton,AI Inverter,Standard,220V,White
Air Conditioner,Samsung,Digital Inverter Eco AC,Power Saving AC,1 Ton,Digital Inverter,Standard,220V,White
Air Conditioner,Samsung,WindFree Elite,Flagship Smart AC,2 Ton,AI Inverter,Standard,220V,White